steam_appid,game_name,original_release_date,platform_launch_type,platform_reach,budget_tier,launch_price_usd,post_launch_support,studio_outcome,resolved_outcome,label_confidence,research_status,notes,sources
2443720,Concord,2024-08-23,,PC+PS5,aaa,40,Shut down ~2 weeks post-launch; full refunds issued,Studio closed (Feb 2025),flop,high,researched,Peak concurrent players reported at 697 - lowest of any AAA release tracked. Widely cited as the era's clearest flop.,bo3.gg / multiple
1294810,Redfall,2023-05-02,,PC+Xbox,aaa,70,Development ended May 2024; game left online but unsupported,Studio closed (May 2024),flop,high,researched,Studio shut down ~1 year after launch; ~96 laid off. Phil Spencer publicly acknowledged mismanagement.,gamedeveloper.com / windowscentral.com
1680880,Forspoken,2023-01-24,,PC+PS5,aaa,70,Minimal post-launch support,Studio closed (~1 month post-launch),flop,high,researched,Studio closure came unusually fast - within a month of release.,whatculture.com
315210,Suicide Squad: Kill the Justice League,2024-02-02,,PC+PS5+Xbox,aaa,70,"Live-service support ended after ~1 year (Jan 2025), well short of planned roadmap",Studio not closed; no confirmed layoffs found in sources reviewed,flop,medium,researched,"WB Discovery confirmed a ~$200M financial hit and a 41% loss in video game division revenue tied to this title. Concurrent players fell below 1,000 within weeks.",gamedeveloper.com / boundingintocomics.com
2853730,Skull and Bones,2024-02-16,,PC+PS5+Xbox,aaa,70,Continued live-service support into 2025,Studio not closed; continued operating,underperform,medium,researched,Reported budget overruns past $120M+ after a decade in development; widely mocked at launch but Ubisoft kept supporting it rather than shutting it down.,watchmojo.com
2842040,Star Wars Outlaws,2024-08-30,,PC+PS5+Xbox,aaa,70,Continued post-launch patches and DLC,Studio not closed; continued operating,underperform,medium,researched,Estimated $100-200M budget; sold ~1M units against a reported ~5M breakeven target. Prompted Ubisoft strategic reviews but no studio closure.,thegamer.com
1716740,Starfield,2023-09-06,,PC+Xbox,aaa,70,Continued DLC support (Shattered Space expansion),Studio not closed; continued operating,underperform,low,researched,"BORDERLINE CASE - sold well commercially and holds a respectable ~83 critic score, but widely described as a letdown relative to exceptionally high pre-launch hype. Worth reviewing by hand rather than trusting this label.",kevurugames.com
2651280,Marvel's Spider-Man 2,2023-10-20,former_exclusive,PS5 exclusive at launch; PC later,aaa,70,Post-launch patches; New Game Plus update,Studio not closed; continued operating,success,high,researched,"Fastest-selling PlayStation first-party game ever; 11M+ units by April 2024, 18M+ by 2026. Sequel to a known hit - met high expectations rather than surprising anyone, distinguishing it from a breakout. NOTE: label reflects overall commercial performance; Steam-specific outcome differs and should be re-checked against the Steam-scoped rubric.",kotaku.com / pushsquare.com
2050650,Resident Evil 4,2023-03-24,,PC+PS5+Xbox+PS4,aaa,60,Continued support incl. Separate Ways DLC,Studio not closed; continued operating,success,high,researched,"5M units within months, 7M+ within a year. Strong critical reception, met expectations for a beloved remake.",tipranks.com
1086940,Baldur's Gate 3,2023-08-03,,PC+PS5+Mac,aaa,60,Extensive post-launch patches (Patch 1-8),Studio not closed; grew significantly,breakout,high,researched,"$657M revenue on Steam in 2023 alone per Video Game Insights; swept Game of the Year awards. Vastly exceeded expectations for a CRPG, a historically niche genre.",vgchartz.com
553850,HELLDIVERS 2,2024-02-08,,PC+PS5,aa_leaning_aaa,40,Ongoing frequent live-service updates,Studio not closed; grew significantly,breakout,high,researched,"Budget was reportedly a fraction of typical AAA sibling titles, yet outsold major franchise entries (Call of Duty, Final Fantasy) in 2024. Explicitly described by developers and press as an unexpected surprise.",gamesradar.com / fandomwire.com
2358720,Black Myth: Wukong,2024-08-20,,PC+PS5,unknown,60,Continued post-launch support,Studio not closed; grew significantly,breakout,high,researched,Debut AAA title from a first-time AAA studio; sold millions in days despite no prior track record. Named in Steam's 2024 top-10 grossing titles alongside established franchises.,gamingbolt.com / grokipedia.com
208650,Batman™: Arkham Knight,,,,unknown,,,,,,not_researched,,
225540,Just Cause™ 3,,,,unknown,,,,,,not_researched,,
234140,Mad Max,,,,unknown,,,,,,not_researched,,
268500,XCOM® 2,,,,unknown,,,,,,not_researched,,
275850,No Man's Sky,,,,unknown,,,,,,not_researched,,
287700,METAL GEAR SOLID V: THE PHANTOM PAIN,,,,unknown,,,,,,not_researched,,
292030,The Witcher 3: Wild Hunt,,,,unknown,,,,,,not_researched,,
323190,Frostpunk,,,,unknown,,,,,,not_researched,,
337000,Deus Ex: Mankind Divided,,,,unknown,,,,,,not_researched,,
356190,Middle-earth™: Shadow of War™,,,,unknown,,,,,,not_researched,,
359550,Tom Clancy's Rainbow Six Siege,,,,unknown,,,,,,not_researched,,
368500,Assassin's Creed® Syndicate,,,,unknown,,,,,,not_researched,,
374320,DARK SOULS™ III,,,,unknown,,,,,,not_researched,,
377160,Fallout 4,,,,unknown,,,,,,not_researched,,
379430,Kingdom Come: Deliverance,,,,unknown,,,,,,not_researched,,
379720,DOOM,,,,unknown,,,,,,not_researched,,
397540,Borderlands 3,,,,unknown,,,,,,not_researched,,
403640,Dishonored 2,,,,unknown,,,,,,not_researched,,
412020,Metro Exodus,,,,unknown,,,,,,not_researched,,
418370,Resident Evil 7 Biohazard,,,,unknown,,,,,,not_researched,,
435150,Divinity: Original Sin 2 - Definitive Edition,,,,unknown,,,,,,not_researched,,
447040,Watch_Dogs® 2,,,,unknown,,,,,,not_researched,,
480490,Prey,,,,unknown,,,,,,not_researched,,
524220,NieR:Automata™,,,,unknown,,,,,,not_researched,,
534380,Dying Light 2 Stay Human: Reloaded Edition,,,,unknown,,,,,,not_researched,,
546560,Half-Life: Alyx,,,,unknown,,,,,,not_researched,,
552520,Far Cry® 5,,,,unknown,,,,,,not_researched,,
582010,Monster Hunter: World,,,,unknown,,,,,,not_researched,,
582160,Assassin's Creed® Origins,,,,unknown,,,,,,not_researched,,
594570,Total War: WARHAMMER II,,,,unknown,,,,,,not_researched,,
601150,Devil May Cry 5,,,,unknown,,,,,,not_researched,,
612880,Wolfenstein II: The New Colossus,,,,unknown,,,,,,not_researched,,
668580,Atomic Heart,,,,unknown,,,,,,not_researched,,
680420,OUTRIDERS,,,,unknown,,,,,,not_researched,,
742420,Saints Row,,,,unknown,,,,,,not_researched,,
750920,Shadow of the Tomb Raider: Definitive Edition,,,,unknown,,,,,,not_researched,,
779340,Total War: THREE KINGDOMS,,,,unknown,,,,,,not_researched,,
782330,DOOM Eternal,,,,unknown,,,,,,not_researched,,
812140,Assassin's Creed® Odyssey,,,,unknown,,,,,,not_researched,,
814380,Sekiro™: Shadows Die Twice - GOTY Edition,,,,unknown,,,,,,not_researched,,
863550,HITMAN 2,,,,unknown,,,,,,not_researched,,
870780,CONTROL Ultimate Edition,,,,unknown,,,,,,not_researched,,
881020,Granblue Fantasy: Relink,,,,unknown,,,,,,not_researched,,
883710,Resident Evil 2,,,,unknown,,,,,,not_researched,,
892970,Valheim,,,,unknown,,,,,,not_researched,,
924970,Back 4 Blood,,,,unknown,,,,,,not_researched,,
934700,Dead Island 2,,,,unknown,,,,,,not_researched,,
952060,Resident Evil 3,,,,unknown,,,,,,not_researched,,
976310,Mortal Kombat 11,,,,unknown,,,,,,not_researched,,
990080,Hogwarts Legacy,,,,unknown,,,,,,not_researched,,
997070,Marvel's Avengers - The Definitive Edition,,,,unknown,,,,,,not_researched,,
1063730,New World: Aeternum,,,,unknown,,,,,,not_researched,,
1091500,Cyberpunk 2077,,,,unknown,,,,,,not_researched,,
1097840,Gears 5,,,,unknown,,,,,,not_researched,,
1142710,Total War: WARHAMMER III,,,,unknown,,,,,,not_researched,,
1145360,Hades,,,,unknown,,,,,,not_researched,,
1151640,Horizon Zero Dawn™ Complete Edition,,,,unknown,,,,,,not_researched,,
1158310,Crusader Kings III,,,,unknown,,,,,,not_researched,,
1172380,STAR WARS Jedi: Fallen Order™,,,,unknown,,,,,,not_researched,,
1174180,Red Dead Redemption 2,,,,unknown,,,,,,not_researched,,
1196590,Resident Evil Village,,,,unknown,,,,,,not_researched,,
1237970,Titanfall® 2,,,,unknown,,,,,,not_researched,,
1240440,Halo Infinite,,,,unknown,,,,,,not_researched,,
1245620,ELDEN RING,,,,unknown,,,,,,not_researched,,
1252330,DEATHLOOP,,,,unknown,,,,,,not_researched,,
1259420,Days Gone,,,,unknown,,,,,,not_researched,,
1272080,PAYDAY 3,,,,unknown,,,,,,not_researched,,
1282100,REMNANT II®,,,,unknown,,,,,,not_researched,,
1295660,Sid Meier's Civilization VII,,,,unknown,,,,,,not_researched,,
1328670,Mass Effect™ Legendary Edition,,,,unknown,,,,,,not_researched,,
1332010,Stray,,,,unknown,,,,,,not_researched,,
1364780,Street Fighter™ 6,,,,unknown,,,,,,not_researched,,
1426210,It Takes Two,,,,unknown,,,,,,not_researched,,
1448440,Wo Long: Fallen Dynasty,,,,unknown,,,,,,not_researched,,
1496790,Gotham Knights,,,,unknown,,,,,,not_researched,,
1501750,Lords of the Fallen,,,,unknown,,,,,,not_researched,,
1517290,Battlefield™ 2042,,,,unknown,,,,,,not_researched,,
1544020,The Callisto Protocol™,,,,unknown,,,,,,not_researched,,
1593500,God of War,,,,unknown,,,,,,not_researched,,
1601580,Frostpunk 2,,,,unknown,,,,,,not_researched,,
1623730,Palworld,,,,unknown,,,,,,not_researched,"EARLY ACCESS: Steam reports the 1.0 date (2026-07-09), not the Jan 2024 Early Access launch. Set original_release_date to the EA date before this row is used - windows currently measure the wrong event.",
1627720,Lies of P,,,,unknown,,,,,,not_researched,,
1643320,S.T.A.L.K.E.R. 2: Heart of Chornobyl,,,,unknown,,,,,,not_researched,,
1659420,UNCHARTED™: Legacy of Thieves Collection,,,,unknown,,,,,,not_researched,,
1771300,Kingdom Come: Deliverance II,,,,unknown,,,,,,not_researched,,
1774580,STAR WARS Jedi: Survivor™,,,,unknown,,,,,,not_researched,,
1778820,TEKKEN 8,,,,unknown,,,,,,not_researched,,
1817070,Marvel’s Spider-Man Remastered,,,,unknown,,,,,,not_researched,,
1845910,Dragon Age™: The Veilguard,,,,unknown,,,,,,not_researched,,
1850570,DEATH STRANDING DIRECTOR'S CUT,,,,unknown,,,,,,not_researched,,
1888160,ARMORED CORE™ VI FIRES OF RUBICON™,,,,unknown,,,,,,not_researched,,
1903340,Clair Obscur: Expedition 33,,,,unknown,,,,,,not_researched,,
2001120,Split Fiction,,,,unknown,,,,,,not_researched,,
2009100,Immortals of Aveum™,,,,unknown,,,,,,not_researched,,
2054970,Dragon's Dogma 2,,,,unknown,,,,,,not_researched,,
2072450,Like a Dragon: Infinite Wealth,,,,unknown,,,,,,not_researched,,
2124490,SILENT HILL 2,,,,unknown,,,,,,not_researched,,
2138710,Sifu,,,,unknown,,,,,,not_researched,,
2161700,Persona 3 Reload,,,,unknown,,,,,,not_researched,,
2183900,"Warhammer 40,000: Space Marine 2",,,,unknown,,,,,,not_researched,,
2239550,Watch Dogs®: Legion,,,,unknown,,,,,,not_researched,,
2246340,Monster Hunter Wilds,,,,unknown,,,,,,not_researched,,
2344520,Diablo® IV,,,,unknown,,,,,,not_researched,,
2369390,Far Cry® 6,,,,unknown,,,,,,not_researched,,
2457220,Avowed,,,,unknown,,,,,,not_researched,,
2461850,Hellblade II: Senua’s Saga,,,,unknown,,,,,,not_researched,,
2622380,ELDEN RING NIGHTREIGN,,,,unknown,,,,,,not_researched,,
2677660,Indiana Jones and the Great Circle,,,,unknown,,,,,,not_researched,,
2679460,Metaphor: ReFantazio,,,,unknown,,,,,,not_researched,,
2751000,Prince of Persia The Lost Crown,,,,unknown,,,,,,not_researched,,
2909400,FINAL FANTASY VII REBIRTH,,,,unknown,,,,,,not_researched,,
3017860,DOOM: The Dark Ages,,,,unknown,,,,,,not_researched,,
3159330,Assassin’s Creed Shadows,,,,unknown,,,,,,not_researched,,
3489700,Stellar Blade™,,,,unknown,,,,,,not_researched,,
